{
    "accuracy": 0.9761686526122824,
    "precision": 0.984,
    "recall": 0.8367346938775511
}
