{
    "accuracy": 0.9770852428964253,
    "precision": 0.9841269841269841,
    "recall": 0.8435374149659864
}
